[
  {
    "id": "74916165-254b-4f0a-b598-3b8b10986e04",
    "data": [
      {
        "text": "cheese toust please",
        "userDefined": false
      }
    ],
    "isTemplate": false,
    "count": 0,
    "lang": "en",
    "updated": 0
  },
  {
    "id": "54089933-46ea-48df-8dcf-8981da5429d8",
    "data": [
      {
        "text": "cheesy",
        "userDefined": false
      }
    ],
    "isTemplate": false,
    "count": 0,
    "lang": "en",
    "updated": 0
  },
  {
    "id": "1b3d6288-4188-4203-a7ab-25e1416e1a36",
    "data": [
      {
        "text": "one cheesy",
        "userDefined": false
      }
    ],
    "isTemplate": false,
    "count": 0,
    "lang": "en",
    "updated": 0
  },
  {
    "id": "e54481be-6cc5-4022-901f-e33541956d8b",
    "data": [
      {
        "text": "i wanna cheese toast",
        "userDefined": false
      }
    ],
    "isTemplate": false,
    "count": 0,
    "lang": "en",
    "updated": 0
  },
  {
    "id": "32be8ade-7846-4a96-928b-7787e3b64d3d",
    "data": [
      {
        "text": "I\u0027d like Cheesy toast",
        "userDefined": false
      }
    ],
    "isTemplate": false,
    "count": 0,
    "lang": "en",
    "updated": 0
  }
]