[
  {
    "id": "a32f4fc4-3265-4eec-81f0-9e187f5e6f5b",
    "data": [
      {
        "text": "without meat",
        "userDefined": false
      }
    ],
    "isTemplate": false,
    "count": 0,
    "lang": "en",
    "updated": 0
  },
  {
    "id": "373e5440-0be0-4434-b7ee-c106bfa545e7",
    "data": [
      {
        "text": "I want vegetarian toast",
        "userDefined": false
      }
    ],
    "isTemplate": false,
    "count": 0,
    "lang": "en",
    "updated": 0
  },
  {
    "id": "9ac7488a-9d7f-4db0-b0c4-691cd365befc",
    "data": [
      {
        "text": "vegetarian",
        "userDefined": false
      }
    ],
    "isTemplate": false,
    "count": 0,
    "lang": "en",
    "updated": 0
  }
]