[
  {
    "id": "9ad145b2-5983-4805-9f69-cd8e6600cdec",
    "data": [
      {
        "text": "order a toast",
        "userDefined": false
      }
    ],
    "isTemplate": false,
    "count": 0,
    "lang": "en",
    "updated": 0
  },
  {
    "id": "143e393c-28c1-47d8-a5f9-3a3ccdc108e0",
    "data": [
      {
        "text": "toast please",
        "userDefined": false
      }
    ],
    "isTemplate": false,
    "count": 0,
    "lang": "en",
    "updated": 0
  },
  {
    "id": "8087d2f1-6dc3-4fe2-b0fc-ba32e89a720f",
    "data": [
      {
        "text": "wanna order",
        "userDefined": false
      }
    ],
    "isTemplate": false,
    "count": 0,
    "lang": "en",
    "updated": 0
  },
  {
    "id": "491abd03-40f0-4cff-a10d-e25b50838d69",
    "data": [
      {
        "text": "yes",
        "userDefined": false
      }
    ],
    "isTemplate": false,
    "count": 0,
    "lang": "en",
    "updated": 0
  },
  {
    "id": "02d8c467-f19d-49d1-934f-ba65d244be45",
    "data": [
      {
        "text": "ham and cheese",
        "meta": "@toasts",
        "alias": "toasts",
        "userDefined": true
      },
      {
        "text": " please",
        "userDefined": false
      }
    ],
    "isTemplate": false,
    "count": 0,
    "lang": "en",
    "updated": 0
  },
  {
    "id": "b4a1d90b-7c93-4fc2-8a23-f5f1f7ef8996",
    "data": [
      {
        "text": "one ",
        "userDefined": false
      },
      {
        "text": "Cheesy",
        "meta": "@toasts",
        "alias": "toasts",
        "userDefined": true
      }
    ],
    "isTemplate": false,
    "count": 0,
    "lang": "en",
    "updated": 0
  },
  {
    "id": "50f2fe17-dadf-40c2-a430-bd66ad007319",
    "data": [
      {
        "text": "I\u0027d like ",
        "userDefined": false
      },
      {
        "text": "cheesy toast",
        "meta": "@toasts",
        "alias": "toasts",
        "userDefined": true
      }
    ],
    "isTemplate": false,
    "count": 0,
    "lang": "en",
    "updated": 0
  }
]