[
  {
    "id": "329ece3e-bbd0-4740-ab0a-c1c5aed35b89",
    "data": [
      {
        "text": "meat",
        "userDefined": false
      }
    ],
    "isTemplate": false,
    "count": 0,
    "lang": "en",
    "updated": 0
  },
  {
    "id": "31eda104-dbdc-4586-9d51-e3bde40dd3f6",
    "data": [
      {
        "text": "definitely meat",
        "userDefined": false
      }
    ],
    "isTemplate": false,
    "count": 0,
    "lang": "en",
    "updated": 0
  },
  {
    "id": "0ec6e1b7-a789-4849-870b-7f1bb9a758f9",
    "data": [
      {
        "text": "meat toast please",
        "userDefined": false
      }
    ],
    "isTemplate": false,
    "count": 0,
    "lang": "en",
    "updated": 0
  },
  {
    "id": "362e0dc2-914c-4781-9336-9497a973a145",
    "data": [
      {
        "text": "I want toast with meat",
        "userDefined": false
      }
    ],
    "isTemplate": false,
    "count": 0,
    "lang": "en",
    "updated": 0
  }
]