[
  {
    "id": "db4738fa-a318-42f9-970f-601067b7c1c7",
    "data": [
      {
        "text": "goat",
        "meta": "@Toasts",
        "alias": "toasts",
        "userDefined": false
      },
      {
        "text": " toast please",
        "userDefined": false
      }
    ],
    "isTemplate": false,
    "count": 0,
    "lang": "en",
    "updated": 0
  },
  {
    "id": "66f801b3-3743-4b69-aecc-d3992680c325",
    "data": [
      {
        "text": "i wanna ",
        "userDefined": false
      },
      {
        "text": "ham and cheese",
        "meta": "@Toasts",
        "alias": "toasts",
        "userDefined": false
      },
      {
        "text": " toast",
        "userDefined": false
      }
    ],
    "isTemplate": false,
    "count": 0,
    "lang": "en",
    "updated": 0
  },
  {
    "id": "7f9bdd35-c3c5-451e-acd5-8e9fd4835ebc",
    "data": [
      {
        "text": "one",
        "meta": "@sys.ignore",
        "userDefined": false
      },
      {
        "text": " ",
        "userDefined": false
      },
      {
        "text": "ham and cheese",
        "meta": "@Toasts",
        "alias": "toasts",
        "userDefined": false
      }
    ],
    "isTemplate": false,
    "count": 0,
    "lang": "en",
    "updated": 0
  },
  {
    "id": "4e6f7f78-e564-4952-a29e-e31eaed05172",
    "data": [
      {
        "text": "I\u0027d like ",
        "userDefined": false
      },
      {
        "text": "Cheesy",
        "meta": "@Toasts",
        "alias": "toasts",
        "userDefined": false
      },
      {
        "text": " toast",
        "userDefined": false
      }
    ],
    "isTemplate": false,
    "count": 0,
    "lang": "en",
    "updated": 0
  }
]