[
  {
    "id": "99d19ecc-9855-4ec6-a355-42c409c70cf9",
    "data": [
      {
        "text": "i wanna see menu",
        "userDefined": false
      }
    ],
    "isTemplate": false,
    "count": 0,
    "lang": "en",
    "updated": 0
  },
  {
    "id": "3eb55c0b-eb3d-429e-9883-ea38e46242d5",
    "data": [
      {
        "text": "show me the menu",
        "userDefined": false
      }
    ],
    "isTemplate": false,
    "count": 0,
    "lang": "en",
    "updated": 0
  },
  {
    "id": "c045cb89-7a08-494f-bb11-4fb5bc796f83",
    "data": [
      {
        "text": "menu please",
        "userDefined": false
      }
    ],
    "isTemplate": false,
    "count": 0,
    "lang": "en",
    "updated": 0
  },
  {
    "id": "4b570d0a-4104-4554-b5a2-2d1d5b192b34",
    "data": [
      {
        "text": "Can i see the menu",
        "userDefined": false
      }
    ],
    "isTemplate": false,
    "count": 0,
    "lang": "en",
    "updated": 0
  }
]