[
  {
    "id": "f108aaaf-ae9d-4ce4-9f86-ee545b65cd44",
    "data": [
      {
        "text": "I want ",
        "userDefined": false
      },
      {
        "text": "salmon",
        "meta": "@ToastTop",
        "alias": "ToastTop",
        "userDefined": true
      }
    ],
    "isTemplate": false,
    "count": 0,
    "lang": "en",
    "updated": 0
  },
  {
    "id": "a049ad65-c9e3-4c19-8dc4-a19663b77bc6",
    "data": [
      {
        "text": "whole",
        "meta": "@BreadType",
        "alias": "breadtype",
        "userDefined": true
      }
    ],
    "isTemplate": false,
    "count": 0,
    "lang": "en",
    "updated": 0
  },
  {
    "id": "e02ba7ec-a31f-49f8-a4ce-8694f3a8fefe",
    "data": [
      {
        "text": "which bread do you have?",
        "userDefined": false
      }
    ],
    "isTemplate": false,
    "count": 0,
    "lang": "en",
    "updated": 0
  },
  {
    "id": "0155e5eb-457c-4f95-983e-dd4f3d8bd6de",
    "data": [
      {
        "text": "give me ",
        "userDefined": false
      },
      {
        "text": "whole grain",
        "meta": "@BreadType",
        "alias": "breadtype",
        "userDefined": false
      }
    ],
    "isTemplate": false,
    "count": 0,
    "lang": "en",
    "updated": 0
  },
  {
    "id": "0d13b9f6-c00f-495f-93db-fa6d01b96a64",
    "data": [
      {
        "text": "gluten-free",
        "meta": "@BreadType",
        "alias": "breadtype",
        "userDefined": true
      }
    ],
    "isTemplate": false,
    "count": 0,
    "lang": "en",
    "updated": 0
  },
  {
    "id": "e9bd41a3-8872-4578-ba7e-6c0e32167c9f",
    "data": [
      {
        "text": "I want ",
        "userDefined": false
      },
      {
        "text": "regular",
        "meta": "@BreadType",
        "alias": "breadtype",
        "userDefined": false
      }
    ],
    "isTemplate": false,
    "count": 0,
    "lang": "en",
    "updated": 0
  }
]