[
  {
    "id": "2f25afd0-00d4-480d-b29f-bc218a8a3c30",
    "data": [
      {
        "text": "speciality",
        "userDefined": false
      }
    ],
    "isTemplate": false,
    "count": 0,
    "lang": "en",
    "updated": 0
  },
  {
    "id": "7e510846-15cd-4cbb-8dd2-bdf7c3a49135",
    "data": [
      {
        "text": "i wanna see specialty",
        "userDefined": false
      }
    ],
    "isTemplate": false,
    "count": 0,
    "lang": "en",
    "updated": 0
  },
  {
    "id": "4df82299-ef39-4b4b-9c9f-02c48498e9ea",
    "data": [
      {
        "text": "let me see the speciality",
        "userDefined": false
      }
    ],
    "isTemplate": false,
    "count": 0,
    "lang": "en",
    "updated": 0
  },
  {
    "id": "4b50e166-b91b-4c74-a959-3e2955afa88d",
    "data": [
      {
        "text": "i wonder what is ",
        "userDefined": false
      },
      {
        "text": "today",
        "meta": "@sys.ignore",
        "userDefined": false
      },
      {
        "text": " speciality",
        "userDefined": false
      }
    ],
    "isTemplate": false,
    "count": 0,
    "lang": "en",
    "updated": 0
  },
  {
    "id": "ba007cf7-b94a-4543-ac5b-e0fc2381e53b",
    "data": [
      {
        "text": "speciality sounds good",
        "userDefined": false
      }
    ],
    "isTemplate": false,
    "count": 0,
    "lang": "en",
    "updated": 0
  },
  {
    "id": "cb59ccae-4dcd-42ed-9303-bd1fc68e9890",
    "data": [
      {
        "text": "What is your special?",
        "userDefined": false
      }
    ],
    "isTemplate": false,
    "count": 0,
    "lang": "en",
    "updated": 0
  }
]