[
  {
    "id": "a553b7b7-cc4c-4b0f-9460-657804969ad4",
    "data": [
      {
        "text": "I wanna build my own",
        "userDefined": false
      }
    ],
    "isTemplate": false,
    "count": 0,
    "lang": "en",
    "updated": 0
  },
  {
    "id": "f40236aa-0a3e-4071-8c03-34ddbce53301",
    "data": [
      {
        "text": "I prefer to chose my own",
        "userDefined": false
      }
    ],
    "isTemplate": false,
    "count": 0,
    "lang": "en",
    "updated": 0
  },
  {
    "id": "ecd7d6fa-7841-4b2f-8979-174392ccfbc3",
    "data": [
      {
        "text": "build mine",
        "userDefined": false
      }
    ],
    "isTemplate": false,
    "count": 0,
    "lang": "en",
    "updated": 0
  },
  {
    "id": "02396a3e-b030-4589-abbb-5bc9992886e2",
    "data": [
      {
        "text": "build my own toast",
        "userDefined": false
      }
    ],
    "isTemplate": false,
    "count": 0,
    "lang": "en",
    "updated": 0
  }
]