[
  {
    "id": "929fcd38-422f-45df-8e7b-32e15b5c91c5",
    "data": [
      {
        "text": "no",
        "userDefined": false
      }
    ],
    "isTemplate": false,
    "count": 0,
    "lang": "en",
    "updated": 0
  },
  {
    "id": "6a2dd11f-e2cd-4810-8f4e-4c8bb00eccfd",
    "data": [
      {
        "text": "yes",
        "userDefined": false
      }
    ],
    "isTemplate": false,
    "count": 0,
    "lang": "en",
    "updated": 0
  },
  {
    "id": "edf83235-8402-4afd-ad0e-79d011020bd0",
    "data": [
      {
        "text": "i\u0027m lost",
        "userDefined": false
      }
    ],
    "isTemplate": false,
    "count": 0,
    "lang": "en",
    "updated": 0
  },
  {
    "id": "a551e79d-0434-4b36-ae70-6ccef55418fa",
    "data": [
      {
        "text": "what you have for toast tops",
        "userDefined": false
      }
    ],
    "isTemplate": false,
    "count": 0,
    "lang": "en",
    "updated": 0
  },
  {
    "id": "60026113-0ae5-4f28-a3fe-456d066b87f5",
    "data": [
      {
        "text": "ham",
        "meta": "@ToastTop",
        "alias": "toasttop",
        "userDefined": false
      },
      {
        "text": " please",
        "userDefined": false
      }
    ],
    "isTemplate": false,
    "count": 0,
    "lang": "en",
    "updated": 0
  },
  {
    "id": "ebbb3a6b-de50-432c-99ad-a743029634c2",
    "data": [
      {
        "text": "I want ",
        "userDefined": false
      },
      {
        "text": "salmon",
        "meta": "@ToastTop",
        "alias": "toasttop",
        "userDefined": false
      }
    ],
    "isTemplate": false,
    "count": 0,
    "lang": "en",
    "updated": 0
  }
]