[
  {
    "id": "3d3ec280-92af-4fc1-a878-1a25d04e7502",
    "data": [
      {
        "text": "change to ",
        "userDefined": false
      },
      {
        "text": "white",
        "meta": "@BreadType",
        "alias": "breadtype",
        "userDefined": false
      }
    ],
    "isTemplate": false,
    "count": 0,
    "lang": "en",
    "updated": 0
  },
  {
    "id": "af681a32-9eeb-46bc-a5af-6affc6c4a6ba",
    "data": [
      {
        "text": "can i change bread type",
        "userDefined": false
      }
    ],
    "isTemplate": false,
    "count": 0,
    "lang": "en",
    "updated": 0
  },
  {
    "id": "9ba7213b-9646-4895-8aa8-c1fa899f29a4",
    "data": [
      {
        "text": "i want ",
        "userDefined": false
      },
      {
        "text": "gluten-free",
        "meta": "@BreadType",
        "alias": "breadtype",
        "userDefined": false
      },
      {
        "text": " bread instead",
        "userDefined": false
      }
    ],
    "isTemplate": false,
    "count": 0,
    "lang": "en",
    "updated": 0
  },
  {
    "id": "a9e25d22-bdf0-4a67-aef1-4d6c52724b43",
    "data": [
      {
        "text": "please change bread to ",
        "userDefined": false
      },
      {
        "text": "gluten-free",
        "meta": "@BreadType",
        "alias": "breadtype",
        "userDefined": false
      }
    ],
    "isTemplate": false,
    "count": 0,
    "lang": "en",
    "updated": 0
  }
]