[
  {
    "id": "1576e8cf-a63c-46f4-9c82-8acc353ae652",
    "data": [
      {
        "text": "change top",
        "userDefined": false
      }
    ],
    "isTemplate": false,
    "count": 0,
    "lang": "en",
    "updated": 0
  },
  {
    "id": "d1d81804-3f43-443c-a4b0-6ec6af9d4beb",
    "data": [
      {
        "text": "change top to ",
        "userDefined": false
      },
      {
        "text": "avocado",
        "meta": "@ToastTop",
        "alias": "toasttop",
        "userDefined": false
      }
    ],
    "isTemplate": false,
    "count": 0,
    "lang": "en",
    "updated": 0
  },
  {
    "id": "5518f9ad-615f-4d2f-85bf-cb6b91ebb54f",
    "data": [
      {
        "text": "i want ",
        "userDefined": false
      },
      {
        "text": "salmon",
        "meta": "@ToastTop",
        "alias": "toasttop",
        "userDefined": false
      }
    ],
    "isTemplate": false,
    "count": 0,
    "lang": "en",
    "updated": 0
  },
  {
    "id": "1d1993a1-31d0-491e-8faa-25d46e255a1d",
    "data": [
      {
        "text": "can i change top",
        "userDefined": false
      }
    ],
    "isTemplate": false,
    "count": 0,
    "lang": "en",
    "updated": 0
  }
]