[
  {
    "id": "3561bb71-4778-475c-a0f3-91578b14cc17",
    "data": [
      {
        "text": "yes",
        "userDefined": false
      }
    ],
    "isTemplate": false,
    "count": 0,
    "lang": "en",
    "updated": 0
  },
  {
    "id": "894a824c-dfe7-4007-b298-1b84546e5808",
    "data": [
      {
        "text": "payment",
        "userDefined": false
      }
    ],
    "isTemplate": false,
    "count": 0,
    "lang": "en",
    "updated": 0
  },
  {
    "id": "d391793f-4f47-4f3b-a500-01c7c96d84fb",
    "data": [
      {
        "text": "that would be all",
        "userDefined": false
      }
    ],
    "isTemplate": false,
    "count": 0,
    "lang": "en",
    "updated": 0
  },
  {
    "id": "5dc579f8-5aea-4351-82ce-0879b459e921",
    "data": [
      {
        "text": "Its all",
        "userDefined": false
      }
    ],
    "isTemplate": false,
    "count": 0,
    "lang": "en",
    "updated": 0
  },
  {
    "id": "04853d0c-88e9-45df-9663-71897d8fa51a",
    "data": [
      {
        "text": "No",
        "userDefined": false
      }
    ],
    "isTemplate": false,
    "count": 0,
    "lang": "en",
    "updated": 0
  }
]