[
  {
    "value": "cheesy toast",
    "synonyms": [
      "Cheesy toast",
      "toast with cheese",
      "Cheese"
    ]
  },
  {
    "value": "ham and cheese",
    "synonyms": [
      "ham and cheese",
      "cheese with ham"
    ]
  },
  {
    "value": "chicken and tomatoes",
    "synonyms": [
      "chicken and tomatoes",
      "chicken with tomatoes"
    ]
  },
  {
    "value": "goat cheese with beetroot",
    "synonyms": [
      "beetroot and goat cheese",
      "cheesy beetroot",
      "beetroot"
    ]
  },
  {
    "value": "Italian mortadela",
    "synonyms": [
      "Italian mortadela",
      "mortadela"
    ]
  }
]